order	slug	section	title	blurb
10	question-words	Essentials	Question words	Everything you need to ask. ¿Cómo andás? is the normal greeting here.
20	pronouns	Essentials	Pronouns	vos, not tú. And ustedes for plural — vosotros doesn't exist here.
30	numbers	Essentials	Numbers & money	Prices run in tens of thousands. Misreading mil by ten is the classic mistake.
40	time-and-dates	Essentials	Time & dates	Seasons are inverted — summer is December to February.
50	top-verbs-voseo	Core vocabulary	Verbs: yo & vos	The conjugation reference. Why ir becomes voy.
60	people-and-family	Core vocabulary	People & family	Family language matters more socially here than you're used to.
70	food-and-drink	Core vocabulary	Food & drink	The highest-value table. Includes the traps.
80	places-and-directions	Core vocabulary	Places & directions	Asking the way. Distance is counted in cuadras.
90	house-and-objects	Core vocabulary	House & objects	Renting and living. Lots of words that differ from textbook Spanish.
100	body-and-health	Core vocabulary	Body & health	Symptoms and the pharmacy. Dengue is seasonal and real here.
110	clothes-and-shopping	Core vocabulary	Clothes & shopping	Including how to haggle at the market.
120	transport	Core vocabulary	Transport	Colectivos, motos and telling a driver where to stop.
130	adjectives	Core vocabulary	Adjectives	Arranged as opposite pairs — far easier to retain.
140	colours-and-weather	Core vocabulary	Colours & weather	Weather gets heavy weight because it dominates life here.
150	prepositions-connectors	The glue	Prepositions & connectors	Including igual and nomás, which no course teaches.
160	small-words	The glue	Small words explained	Why al, del, hay and me gusta look the way they do.
170	expressions-survival	The glue	Expressions & survival	The phrases that buy you time when you're lost.
180	jopara-guarani	The glue	Jopara & Guaraní	Not in any Spanish course. The highest social return per word.
