spanish	english	note
ser — soy, sos	to be (permanent) — I am, you are	fully irregular; sos is the voseo form of eres
estar — estoy, estás	to be (state) — I am, you are	ser is what you are; estar is how you are
tener — tengo, tenés	to have — I have, you have	yo is irregular (tengo); vos is regular (tenés)
haber — hay	there is / there are	hay never changes, singular or plural
ir — voy, vas	to go — I go, you go	fully irregular: no form of it contains "ir"
hacer — hago, hacés	to do / make — I do, you do	also weather: hace calor = it's hot
poder — puedo, podés	to be able — I can, you can	stem change o→ue in yo, but not in vos
querer — quiero, querés	to want — I want, you want	stem change e→ie in yo
saber — sé, sabés	to know (facts) — I know, you know	sé is a single letter plus accent
conocer — conozco, conocés	to know (people) — I know, you know	saber facts, conocer people and places
decir — digo, decís	to say — I say, you say	
ver — veo, ves	to see — I see, you see	
dar — doy, das	to give — I give, you give	
venir — vengo, venís	to come — I come, you come	
salir — salgo, salís	to leave — I leave, you leave	
poner — pongo, ponés	to put — I put, you put	
traer — traigo, traés	to bring — I bring, you bring	
llevar — llevo, llevás	to carry / take — I take, you take	fully regular
pensar — pienso, pensás	to think — I think, you think	stem change e→ie
empezar — empiezo, empezás	to begin — I begin, you begin	stem change e→ie
entender — entiendo, entendés	to understand — I understand, you understand	stem change e→ie
perder — pierdo, perdés	to lose — I lose, you lose	stem change e→ie
sentir — siento, sentís	to feel — I feel, you feel	stem change e→ie
preferir — prefiero, preferís	to prefer — I prefer, you prefer	stem change e→ie
volver — vuelvo, volvés	to return — I return, you return	stem change o→ue
dormir — duermo, dormís	to sleep — I sleep, you sleep	stem change o→ue
morir — muero, morís	to die — I die, you die	Me muero de hambre = I'm starving
encontrar — encuentro, encontrás	to find — I find, you find	stem change o→ue
costar — cuesta	to cost — it costs	almost only used in the third person
doler — duele	to hurt — it hurts	Me duele la cabeza = my head hurts
recordar — recuerdo, recordás	to remember — I remember, you remember	stem change o→ue
pedir — pido, pedís	to ask for — I ask, you ask	stem change e→i
servir — sirvo, servís	to serve / be useful — I serve, you serve	stem change e→i
repetir — repito, repetís	to repeat — I repeat, you repeat	stem change e→i
seguir — sigo, seguís	to continue — I continue, you continue	stem change e→i
gustar — me gusta	to like — I like it	backwards: literally "it pleases me"
hablar — hablo, hablás	to speak — I speak, you speak	the model regular -ar verb
comer — como, comés	to eat — I eat, you eat	the model regular -er verb
vivir — vivo, vivís	to live — I live, you live	the model regular -ir verb
trabajar — trabajo, trabajás	to work — I work, you work	regular
tomar — tomo, tomás	to take / drink — I take, you take	tomar tereré = to drink tereré
comprar — compro, comprás	to buy — I buy, you buy	regular
necesitar — necesito, necesitás	to need — I need, you need	regular
esperar — espero, esperás	to wait / hope — I wait, you wait	regular
llegar — llego, llegás	to arrive — I arrive, you arrive	regular
