rank	verb_es	verb_en	sentence_es	sentence_en	note
101	usar	to use	¿Puedo usar tu baño?	Can I use your bathroom?	
102	decidir	to decide	Todavía no decidí nada.	I haven't decided anything yet.	
103	repetir	to repeat	¿Me lo repetís más despacio?	Can you repeat that more slowly for me?	voseo: repetís
104	olvidar	to forget	Me olvidé las llaves en casa.	I forgot my keys at home.	
105	valer	to be worth	¿Cuánto vale esto?	How much is this?	
106	comer	to eat	¿Ya comiste?	Have you eaten yet?	
107	mostrar	to show	Mostrame la foto.	Show me the photo.	voseo imperative
108	incluir	to include	El precio incluye el envío.	The price includes delivery.	
109	continuar	to continue	Continuamos mañana.	We'll continue tomorrow.	
110	cerrar	to close	¿A qué hora cierran?	What time do you close?	
111	comprar	to buy	Compré fruta en el mercado.	I bought fruit at the market.	
112	vender	to sell	Acá venden de todo.	They sell everything here.	
113	subir	to go up	Subí al segundo piso.	Go up to the second floor.	voseo imperative
114	bajar	to go down	Bajá con cuidado, está resbaloso.	Go down carefully, it's slippery.	voseo imperative
115	caminar	to walk	Caminamos hasta la plaza.	We walked to the square.	
116	dormir	to sleep	No dormí casi nada anoche.	I barely slept last night.	
117	despertar	to wake up	Me desperté a las cinco.	I woke up at five.	
118	bañar	to bathe	Me baño dos veces por día con este calor.	I shower twice a day in this heat.	
119	lavar	to wash	Tengo que lavar la ropa.	I have to do the laundry.	
120	cocinar	to cook	Mi suegra cocina increíble.	My mother-in-law cooks incredibly well.	
121	limpiar	to clean	Limpiá la mesa, por favor.	Clean the table, please.	voseo imperative
122	manejar	to drive	Manejá con cuidado.	Drive carefully.	manejar = to drive (LatAm)
123	viajar	to travel	Viajo a Encarnación el viernes.	I'm travelling to Encarnación on Friday.	
124	visitar	to visit	Vamos a visitar a mi tía.	We're going to visit my aunt.	
125	invitar	to invite	Te invito un tereré.	Let me buy you a tereré.	invitar = to treat someone
126	bailar	to dance	No sé bailar, pero lo intento.	I can't dance, but I try.	
127	cantar	to sing	Canta en un coro los domingos.	She sings in a choir on Sundays.	
128	reír	to laugh	Nos reímos toda la noche.	We laughed all night.	
129	llorar	to cry	El bebé llora cuando tiene hambre.	The baby cries when he's hungry.	
130	gritar	to shout	No me grites, por favor.	Don't shout at me, please.	
131	contestar	to answer	Nadie contesta el teléfono.	Nobody is answering the phone.	
132	responder	to respond	Te respondo apenas pueda.	I'll reply as soon as I can.	
133	saludar	to greet	Saludá a tu mamá de mi parte.	Say hello to your mum from me.	voseo imperative
134	agradecer	to thank	Te agradezco mucho la ayuda.	I really appreciate the help.	
135	disculpar	to excuse	Disculpá, no te escuché.	Sorry, I didn't hear you.	voseo imperative
136	perdonar	to forgive	Perdoname, llegué tarde.	Forgive me, I'm late.	voseo imperative
137	prometer	to promise	Te prometo que voy a estudiar.	I promise you I'm going to study.	
138	mentir	to lie	No me mientas.	Don't lie to me.	
139	pelear	to fight	Se pelean por cualquier cosa.	They fight over anything.	
140	discutir	to argue	Discutimos por una tontería.	We argued over something silly.	
141	enojar	to get angry	Se enojó conmigo sin razón.	He got angry with me for no reason.	
142	preocupar	to worry	No te preocupes, todo bien.	Don't worry, it's all fine.	
143	asustar	to frighten	Me asusté con el ruido.	The noise frightened me.	
144	alegrar	to make glad	Me alegra verte.	I'm glad to see you.	
145	extrañar	to miss	Extraño a mi familia.	I miss my family.	extrañar = to miss (LatAm)
146	amar	to love	Amo este país.	I love this country.	
147	odiar	to hate	Odio el tráfico de la mañana.	I hate the morning traffic.	
148	preferir	to prefer	Prefiero quedarme en casa.	I'd rather stay home.	
149	elegir	to choose	Elegí el que más te guste.	Choose whichever you like best.	voseo imperative
150	cambiar	to swap	Cambiemos de tema.	Let's change the subject.	
151	esperar	to expect	Espero que te guste.	I hope you like it.	triggers subjunctive
152	necesitar	to require	Necesitás un documento para esto.	You need ID for this.	voseo: necesitás
153	faltar	to be lacking	Me falta un poco de plata.	I'm a bit short of money.	
154	sobrar	to be left over	Sobró comida de anoche.	There's food left over from last night.	
155	bastar	to be enough	Basta, ya entendí.	That's enough, I get it.	
156	durar	to last	La reunión duró dos horas.	The meeting lasted two hours.	
157	tardar	to take time	¿Cuánto tarda en llegar?	How long does it take to get there?	
158	apurar	to hurry	Apurate que vamos tarde.	Hurry up, we're running late.	voseo imperative
159	parar	to stop	Pará un segundo.	Stop for a second.	voseo imperative
160	seguir	to keep on	Seguí hablando, te escucho.	Keep talking, I'm listening.	voseo imperative
161	empujar	to push	Empujá la puerta, no tires.	Push the door, don't pull.	voseo imperative
162	tirar	to pull / to throw	No tires basura acá.	Don't throw rubbish here.	
163	agarrar	to grab	Agarrá un taxi, está lejos.	Grab a taxi, it's far.	voseo imperative
164	soltar	to let go	Soltá mi mano.	Let go of my hand.	voseo imperative
165	tocar	to knock	Tocaron la puerta.	Someone knocked at the door.	
166	abrazar	to hug	Me abrazó muy fuerte.	She hugged me very tightly.	
167	besar	to kiss	Acá se saluda con un beso.	Here people greet with a kiss.	
168	mirar	to watch	Miramos el partido juntos.	We watched the match together.	
169	notar	to notice	Noté que estabas callado.	I noticed you were quiet.	
170	observar	to observe	Observá cómo lo hacen ellos.	Watch how they do it.	voseo imperative
171	fijar	to fix / to notice	Fijate bien antes de cruzar.	Look carefully before crossing.	fijarse = to pay attention
172	imaginar	to imagine	Imaginate vivir acá para siempre.	Imagine living here forever.	voseo imperative
173	soñar	to dream	Soñé que hablaba español perfecto.	I dreamt I spoke perfect Spanish.	
174	desear	to wish	Te deseo lo mejor.	I wish you the best.	
175	soportar	to put up with	No soporto el calor del mediodía.	I can't stand the midday heat.	
176	disfrutar	to enjoy	Disfrutá el momento.	Enjoy the moment.	voseo imperative
177	descansar	to rest	Necesito descansar un rato.	I need to rest for a while.	
178	relajar	to relax	Relajate, no pasa nada.	Relax, it's fine.	voseo imperative
179	divertir	to have fun	Nos divertimos muchísimo.	We had a great time.	
180	aburrir	to bore	Me aburro sin hacer nada.	I get bored doing nothing.	
181	cansar	to tire	Me canso rápido con el calor.	I get tired quickly in the heat.	
182	enfermar	to get sick	Me enfermé la semana pasada.	I got sick last week.	
183	curar	to heal	Esto cura cualquier resfriado.	This cures any cold.	
184	doler	to hurt	Me duele la cabeza.	My head hurts.	
185	sanar	to recover	Ya sané del todo.	I've fully recovered now.	
186	criar	to raise	Me crié en el campo.	I was raised in the countryside.	
187	crecer	to grow	Los chicos crecen rapidísimo.	Kids grow up so fast.	
188	envejecer	to grow old	Todos envejecemos.	We all get older.	
189	casar	to marry	Se casaron el año pasado.	They got married last year.	
190	separar	to separate	Se separaron hace poco.	They split up recently.	
191	surgir	to arise	Surgió un problema con el alquiler.	A problem came up with the rent.	
192	construir	to build	Están construyendo un edificio enfrente.	They're building a block across the road.	
193	romper	to break	Se me rompió el celular.	My phone broke.	
194	arreglar	to fix	¿Sabés arreglar esto?	Do you know how to fix this?	voseo: sabés
195	funcionar	to work (function)	El aire no funciona.	The air conditioning isn't working.	
196	servir	to work / to do	¿Te sirve así?	Does it work for you like this?	
197	andar	to go / to be	¿Cómo andás?	How's it going?	very common PY/AR greeting
198	quedar	to suit / to fit	Te queda bien ese color.	That colour suits you.	
199	probar	to try / to taste	Probá esto, está riquísimo.	Try this, it's delicious.	voseo imperative
200	parecer	to look like	Parece que va a llover.	It looks like it's going to rain.	
201	pensar	to intend	Pienso quedarme dos años.	I'm planning to stay two years.	
202	planear	to plan	Estamos planeando un viaje.	We're planning a trip.	
203	organizar	to organise	Organizamos una cena.	We organised a dinner.	
204	preparar	to prepare	Preparé algo rico para vos.	I made something nice for you.	voseo pronoun: vos
205	armar	to put together	Armemos el asado para el domingo.	Let's put together a barbecue for Sunday.	asado = barbecue
206	juntar	to gather	Nos juntamos los viernes.	We get together on Fridays.	
207	reunir	to meet	La familia se reúne los domingos.	The family gets together on Sundays.	
208	acompañar	to accompany	¿Me acompañás al banco?	Will you come with me to the bank?	voseo: acompañás
209	presentar	to introduce	Me presentaron a mucha gente.	I was introduced to a lot of people.	
210	conocer	to meet	Ayer conocí a tu hermano.	I met your brother yesterday.	
211	saludar	to say hi	Siempre me saluda en la calle.	He always says hi to me in the street.	
212	charlar	to chat	Charlamos un rato largo.	We chatted for a good while.	
213	conversar	to converse	Me gusta conversar con la gente de acá.	I like talking with people here.	
214	contar	to recount	Contame todo.	Tell me everything.	voseo imperative
215	avisar	to let know	Avisame cuando salgas.	Let me know when you leave.	voseo imperative
216	llamar	to name	¿Cómo se llama esto en guaraní?	What's this called in Guaraní?	
217	significar	to mean	¿Qué significa esa palabra?	What does that word mean?	
218	traducir	to translate	¿Me lo traducís?	Could you translate it for me?	voseo: traducís
219	pronunciar	to pronounce	No sé pronunciar bien la erre.	I can't pronounce the rolled r properly.	
220	escribir	to spell out	¿Cómo se escribe tu apellido?	How do you spell your surname?	
221	deletrear	to spell	Deletreámelo, por favor.	Spell it out for me, please.	voseo imperative
222	aprender	to learn	Estoy aprendiendo de a poco.	I'm learning bit by bit.	
223	enseñar	to teach	¿Me enseñás una palabra en guaraní?	Will you teach me a word in Guaraní?	voseo: enseñás
224	practicar	to practise	Practico todos los días.	I practise every day.	
225	mejorar	to improve	Mi español mejoró mucho.	My Spanish has improved a lot.	
226	empeorar	to get worse	El tráfico empeora a esta hora.	Traffic gets worse at this time.	
227	corregir	to correct	Corregime si digo algo mal.	Correct me if I say something wrong.	voseo imperative
228	equivocar	to make a mistake	Me equivoqué de calle.	I took the wrong street.	
229	fallar	to fail	Me falló el internet.	My internet went down.	
230	funcionar	to run	¿Cómo funciona esto?	How does this work?	
231	costar	to cost	¿Cuánto cuesta el pasaje?	How much is the fare?	
232	gastar	to spend	Gasté demasiado este mes.	I spent too much this month.	
233	ahorrar	to save	Estoy ahorrando para un auto.	I'm saving for a car.	
234	prestar	to lend	¿Me prestás tu lapicera?	Can you lend me your pen?	lapicera = pen (PY/AR)
235	deber	to owe	Te debo un favor.	I owe you a favour.	
236	cobrar	to charge	¿Cuánto me cobrás?	How much are you charging me?	voseo: cobrás
237	alquilar	to rent	Alquilo un departamento en Villa Morra.	I rent a flat in Villa Morra.	departamento = flat
238	firmar	to sign	Firmá acá abajo.	Sign down here.	voseo imperative
239	entregar	to deliver	Entregan a domicilio.	They deliver to your door.	
240	recoger	to pick up	Paso a recogerte a las ocho.	I'll pick you up at eight.	
241	buscar	to fetch	Vengo a buscar un paquete.	I'm here to collect a parcel.	
242	enviar	to send	Te envío la dirección por mensaje.	I'll send you the address by message.	
243	mandar	to send	Mandame un audio mejor.	Just send me a voice note instead.	audio = voice note
244	recibir	to get	Recibí la factura ayer.	I got the invoice yesterday.	
245	devolver	to return	Tengo que devolver esto.	I have to return this.	
246	guardar	to keep	Guardá el ticket por las dudas.	Keep the receipt just in case.	voseo imperative
247	perder	to waste	No quiero perder tiempo.	I don't want to waste time.	
248	encontrar	to come across	Me encontré con un amigo en el súper.	I ran into a friend at the supermarket.	
249	esconder	to hide	¿Dónde escondiste las llaves?	Where did you hide the keys?	
250	descubrir	to find out	Descubrí que hablan guaraní en casa.	I found out they speak Guaraní at home.	
